-- MySQL Script generated by MySQL Workbench
-- Wed Dec 23 21:49:25 2020
-- Model: New Model    Version: 1.0
-- MySQL Workbench Forward Engineering

SET @OLD_UNIQUE_CHECKS=@@UNIQUE_CHECKS, UNIQUE_CHECKS=0;
SET @OLD_FOREIGN_KEY_CHECKS=@@FOREIGN_KEY_CHECKS, FOREIGN_KEY_CHECKS=0;
SET @OLD_SQL_MODE=@@SQL_MODE, SQL_MODE='ONLY_FULL_GROUP_BY,STRICT_TRANS_TABLES,NO_ZERO_IN_DATE,NO_ZERO_DATE,ERROR_FOR_DIVISION_BY_ZERO,NO_ENGINE_SUBSTITUTION';

-- -----------------------------------------------------
-- Schema mydb
-- -----------------------------------------------------
-- -----------------------------------------------------
-- Schema kotarskip
-- -----------------------------------------------------

-- -----------------------------------------------------
-- Schema kotarskip
-- -----------------------------------------------------
CREATE SCHEMA IF NOT EXISTS `kotarskip` DEFAULT CHARACTER SET utf8mb4 COLLATE utf8mb4_0900_ai_ci ;
USE `kotarskip` ;

-- -----------------------------------------------------
-- Table `kotarskip`.`adres`
-- -----------------------------------------------------
CREATE TABLE IF NOT EXISTS `kotarskip`.`adres` (
  `id_adresu` INT NOT NULL AUTO_INCREMENT,
  `miejscowosc` VARCHAR(45) NULL DEFAULT NULL,
  `nr_domu` VARCHAR(45) NULL DEFAULT NULL,
  `nr_mieszkania` VARCHAR(45) NULL DEFAULT NULL,
  `kod_pocztowy` VARCHAR(45) NULL DEFAULT NULL,
  `ulica` VARCHAR(45) NULL DEFAULT NULL,
  PRIMARY KEY (`id_adresu`))
ENGINE = InnoDB
AUTO_INCREMENT = 14
DEFAULT CHARACTER SET = utf8mb4
COLLATE = utf8mb4_0900_ai_ci;


-- -----------------------------------------------------
-- Table `kotarskip`.`kategoria`
-- -----------------------------------------------------
CREATE TABLE IF NOT EXISTS `kotarskip`.`kategoria` (
  `id_kategorii` INT NOT NULL AUTO_INCREMENT,
  `nazwa_kategorii` VARCHAR(45) NULL DEFAULT NULL,
  PRIMARY KEY (`id_kategorii`))
ENGINE = InnoDB
AUTO_INCREMENT = 8
DEFAULT CHARACTER SET = utf8mb4
COLLATE = utf8mb4_0900_ai_ci;


-- -----------------------------------------------------
-- Table `kotarskip`.`klient`
-- -----------------------------------------------------
CREATE TABLE IF NOT EXISTS `kotarskip`.`klient` (
  `id_klienta` INT NOT NULL AUTO_INCREMENT,
  `imie_klienta` VARCHAR(45) NULL DEFAULT NULL,
  `nazwisko_klienta` VARCHAR(45) NULL DEFAULT NULL,
  `adres_id_adresu` INT NOT NULL,
  PRIMARY KEY (`id_klienta`, `adres_id_adresu`),
  INDEX `fk_klient_adres1_idx` (`adres_id_adresu` ASC) VISIBLE,
  CONSTRAINT `fk_klient_adres1`
    FOREIGN KEY (`adres_id_adresu`)
    REFERENCES `kotarskip`.`adres` (`id_adresu`))
ENGINE = InnoDB
AUTO_INCREMENT = 13
DEFAULT CHARACTER SET = utf8mb4
COLLATE = utf8mb4_0900_ai_ci;


-- -----------------------------------------------------
-- Table `kotarskip`.`towar`
-- -----------------------------------------------------
CREATE TABLE IF NOT EXISTS `kotarskip`.`towar` (
  `id_towar` INT NOT NULL AUTO_INCREMENT,
  `nazwa` VARCHAR(255) NULL DEFAULT NULL,
  `rodzaj` VARCHAR(255) NULL DEFAULT NULL,
  `cena` DECIMAL(10,2) NULL DEFAULT NULL,
  `kategoria_id_kategorii` INT NOT NULL,
  PRIMARY KEY (`id_towar`, `kategoria_id_kategorii`),
  INDEX `fk_towar_kategoria1_idx` (`kategoria_id_kategorii` ASC) VISIBLE,
  CONSTRAINT `fk_towar_kategoria1`
    FOREIGN KEY (`kategoria_id_kategorii`)
    REFERENCES `kotarskip`.`kategoria` (`id_kategorii`))
ENGINE = InnoDB
AUTO_INCREMENT = 33
DEFAULT CHARACTER SET = utf8mb4
COLLATE = utf8mb4_0900_ai_ci;


-- -----------------------------------------------------
-- Table `kotarskip`.`zamowienie`
-- -----------------------------------------------------
CREATE TABLE IF NOT EXISTS `kotarskip`.`zamowienie` (
  `id_zamowienia` INT NOT NULL AUTO_INCREMENT,
  `data_zamowienia` DATE NULL DEFAULT NULL,
  `metoda_platnosci` ENUM('gotowka', 'karta') NULL DEFAULT NULL,
  `czy_oplacone` TINYINT NULL DEFAULT NULL,
  `klient_id_klienta` INT NOT NULL,
  PRIMARY KEY (`id_zamowienia`, `klient_id_klienta`),
  INDEX `fk_zamowienie_klient` (`klient_id_klienta` ASC) VISIBLE,
  CONSTRAINT `fk_zamowienie_klient`
    FOREIGN KEY (`klient_id_klienta`)
    REFERENCES `kotarskip`.`klient` (`id_klienta`))
ENGINE = InnoDB
AUTO_INCREMENT = 12
DEFAULT CHARACTER SET = utf8mb4
COLLATE = utf8mb4_0900_ai_ci;


-- -----------------------------------------------------
-- Table `kotarskip`.`zamowienie_has_towar`
-- -----------------------------------------------------
CREATE TABLE IF NOT EXISTS `kotarskip`.`zamowienie_has_towar` (
  `zamowienie_id_zamowienia` INT NOT NULL,
  `zamowienie_klient_id_klienta` INT NOT NULL,
  `towar_id_towar` INT NOT NULL,
  `towar_kategoria_id_kategorii` INT NOT NULL,
  PRIMARY KEY (`zamowienie_id_zamowienia`, `zamowienie_klient_id_klienta`, `towar_id_towar`, `towar_kategoria_id_kategorii`),
  INDEX `fk_zamowienie_has_towar_towar1_idx` (`towar_id_towar` ASC, `towar_kategoria_id_kategorii` ASC) VISIBLE,
  INDEX `fk_zamowienie_has_towar_zamowienie1_idx` (`zamowienie_id_zamowienia` ASC, `zamowienie_klient_id_klienta` ASC) VISIBLE,
  CONSTRAINT `fk_zamowienie_has_towar_towar1`
    FOREIGN KEY (`towar_id_towar` , `towar_kategoria_id_kategorii`)
    REFERENCES `kotarskip`.`towar` (`id_towar` , `kategoria_id_kategorii`),
  CONSTRAINT `fk_zamowienie_has_towar_zamowienie1`
    FOREIGN KEY (`zamowienie_id_zamowienia` , `zamowienie_klient_id_klienta`)
    REFERENCES `kotarskip`.`zamowienie` (`id_zamowienia` , `klient_id_klienta`))
ENGINE = InnoDB
DEFAULT CHARACTER SET = utf8mb4
COLLATE = utf8mb4_0900_ai_ci;

USE `kotarskip` ;

-- -----------------------------------------------------
-- function count_klient
-- -----------------------------------------------------

DELIMITER $$
USE `kotarskip`$$
CREATE DEFINER=`kotarskip`@`localhost` FUNCTION `count_klient`() RETURNS int
BEGIN
DECLARE ilosc INT;
SELECT COUNT(*) INTO @ilosc FROM klient;
 
RETURN @ilosc;
END$$

DELIMITER ;

-- -----------------------------------------------------
-- procedure promocja
-- -----------------------------------------------------

DELIMITER $$
USE `kotarskip`$$
CREATE DEFINER=`kotarskip`@`localhost` PROCEDURE `promocja`(IN id int)
BEGIN
update towar set cena = 0.8 * cena where id_towar=id;
END$$

DELIMITER ;
USE `kotarskip`;

DELIMITER $$
USE `kotarskip`$$
CREATE
DEFINER=`kotarskip`@`localhost`
TRIGGER `kotarskip`.`towar_BEFORE_INSERT`
BEFORE INSERT ON `kotarskip`.`towar`
FOR EACH ROW
BEGIN
IF NEW.cena <0 THEN 
SET NEW.cena = 0;
 END IF;
END$$

USE `kotarskip`$$
CREATE
DEFINER=`kotarskip`@`localhost`
TRIGGER `kotarskip`.`zamowienie_BEFORE_INSERT`
BEFORE INSERT ON `kotarskip`.`zamowienie`
FOR EACH ROW
BEGIN
SET NEW.data_zamowienia=now();
END$$


DELIMITER ;

SET SQL_MODE=@OLD_SQL_MODE;
SET FOREIGN_KEY_CHECKS=@OLD_FOREIGN_KEY_CHECKS;
SET UNIQUE_CHECKS=@OLD_UNIQUE_CHECKS;

-- -----------------------------------------------------
-- Data for table `kotarskip`.`adres`
-- -----------------------------------------------------
START TRANSACTION;
USE `kotarskip`;
INSERT INTO `kotarskip`.`adres` (`id_adresu`, `miejscowosc`, `nr_domu`, `nr_mieszkania`, `kod_pocztowy`, `ulica`) VALUES (1, 'Warszawa', '5', '22', '31-133', 'Kolorowa');
INSERT INTO `kotarskip`.`adres` (`id_adresu`, `miejscowosc`, `nr_domu`, `nr_mieszkania`, `kod_pocztowy`, `ulica`) VALUES (2, 'Białystok', '36', '32', '13-020', 'Czerwona');
INSERT INTO `kotarskip`.`adres` (`id_adresu`, `miejscowosc`, `nr_domu`, `nr_mieszkania`, `kod_pocztowy`, `ulica`) VALUES (3, 'Suwalki', '75', '15', '16-400', 'Zielona');
INSERT INTO `kotarskip`.`adres` (`id_adresu`, `miejscowosc`, `nr_domu`, `nr_mieszkania`, `kod_pocztowy`, `ulica`) VALUES (4, 'Kielce', '23', '54', '02-523', 'Niebieska');
INSERT INTO `kotarskip`.`adres` (`id_adresu`, `miejscowosc`, `nr_domu`, `nr_mieszkania`, `kod_pocztowy`, `ulica`) VALUES (5, 'Augustów', '53', '75', '16-300', 'Fioletowa');
INSERT INTO `kotarskip`.`adres` (`id_adresu`, `miejscowosc`, `nr_domu`, `nr_mieszkania`, `kod_pocztowy`, `ulica`) VALUES (6, 'Sejny', '12', '98', '16-320', 'Długa');
INSERT INTO `kotarskip`.`adres` (`id_adresu`, `miejscowosc`, `nr_domu`, `nr_mieszkania`, `kod_pocztowy`, `ulica`) VALUES (7, 'Gdynia', '64', '56', '52-454', 'Krótka');
INSERT INTO `kotarskip`.`adres` (`id_adresu`, `miejscowosc`, `nr_domu`, `nr_mieszkania`, `kod_pocztowy`, `ulica`) VALUES (8, 'Szczecin', '24', '34', '64-234', 'Miejska');
INSERT INTO `kotarskip`.`adres` (`id_adresu`, `miejscowosc`, `nr_domu`, `nr_mieszkania`, `kod_pocztowy`, `ulica`) VALUES (9, 'Łódź', '87', '25', '34-326', 'Wiejska');
INSERT INTO `kotarskip`.`adres` (`id_adresu`, `miejscowosc`, `nr_domu`, `nr_mieszkania`, `kod_pocztowy`, `ulica`) VALUES (10, 'Rzeszów', '45', '64', '56-563', 'Wierzbna');
INSERT INTO `kotarskip`.`adres` (`id_adresu`, `miejscowosc`, `nr_domu`, `nr_mieszkania`, `kod_pocztowy`, `ulica`) VALUES (11, 'Kraków', '34', '34', '76-525', 'Brzozowa');
INSERT INTO `kotarskip`.`adres` (`id_adresu`, `miejscowosc`, `nr_domu`, `nr_mieszkania`, `kod_pocztowy`, `ulica`) VALUES (DEFAULT, NULL, NULL, '', NULL, NULL);

COMMIT;


-- -----------------------------------------------------
-- Data for table `kotarskip`.`kategoria`
-- -----------------------------------------------------
START TRANSACTION;
USE `kotarskip`;
INSERT INTO `kotarskip`.`kategoria` (`id_kategorii`, `nazwa_kategorii`) VALUES (1, 'gitara_elektryczna');
INSERT INTO `kotarskip`.`kategoria` (`id_kategorii`, `nazwa_kategorii`) VALUES (2, 'gitara_basowa');
INSERT INTO `kotarskip`.`kategoria` (`id_kategorii`, `nazwa_kategorii`) VALUES (3, 'gitara_akustyczna');
INSERT INTO `kotarskip`.`kategoria` (`id_kategorii`, `nazwa_kategorii`) VALUES (4, 'instrument_klawiszowy');
INSERT INTO `kotarskip`.`kategoria` (`id_kategorii`, `nazwa_kategorii`) VALUES (5, 'wzmacniacz');
INSERT INTO `kotarskip`.`kategoria` (`id_kategorii`, `nazwa_kategorii`) VALUES (6, 'struny');
INSERT INTO `kotarskip`.`kategoria` (`id_kategorii`, `nazwa_kategorii`) VALUES (7, 'efekt_gitarowy');

COMMIT;


-- -----------------------------------------------------
-- Data for table `kotarskip`.`klient`
-- -----------------------------------------------------
START TRANSACTION;
USE `kotarskip`;
INSERT INTO `kotarskip`.`klient` (`id_klienta`, `imie_klienta`, `nazwisko_klienta`, `adres_id_adresu`) VALUES (1, 'Jan', 'Nowak ', 1);
INSERT INTO `kotarskip`.`klient` (`id_klienta`, `imie_klienta`, `nazwisko_klienta`, `adres_id_adresu`) VALUES (2, 'Paweł', 'Kowalski', 2);
INSERT INTO `kotarskip`.`klient` (`id_klienta`, `imie_klienta`, `nazwisko_klienta`, `adres_id_adresu`) VALUES (3, 'Piotr', 'Wiosenny', 3);
INSERT INTO `kotarskip`.`klient` (`id_klienta`, `imie_klienta`, `nazwisko_klienta`, `adres_id_adresu`) VALUES (4, 'Marek', 'Ptak', 4);
INSERT INTO `kotarskip`.`klient` (`id_klienta`, `imie_klienta`, `nazwisko_klienta`, `adres_id_adresu`) VALUES (5, 'Janusz', 'Szybki', 5);
INSERT INTO `kotarskip`.`klient` (`id_klienta`, `imie_klienta`, `nazwisko_klienta`, `adres_id_adresu`) VALUES (6, 'Wojciech', 'Bocian', 6);
INSERT INTO `kotarskip`.`klient` (`id_klienta`, `imie_klienta`, `nazwisko_klienta`, `adres_id_adresu`) VALUES (7, 'Robert', 'Szpak', 7);
INSERT INTO `kotarskip`.`klient` (`id_klienta`, `imie_klienta`, `nazwisko_klienta`, `adres_id_adresu`) VALUES (8, 'Anna', 'Wrona', 8);
INSERT INTO `kotarskip`.`klient` (`id_klienta`, `imie_klienta`, `nazwisko_klienta`, `adres_id_adresu`) VALUES (9, 'Barbara', 'Krukowska', 9);
INSERT INTO `kotarskip`.`klient` (`id_klienta`, `imie_klienta`, `nazwisko_klienta`, `adres_id_adresu`) VALUES (10, 'Joanna', 'Sokół', 10);
INSERT INTO `kotarskip`.`klient` (`id_klienta`, `imie_klienta`, `nazwisko_klienta`, `adres_id_adresu`) VALUES (11, 'Dariusz', 'Wrona', 11);
INSERT INTO `kotarskip`.`klient` (`id_klienta`, `imie_klienta`, `nazwisko_klienta`, `adres_id_adresu`) VALUES (DEFAULT, NULL, NULL, 12);

COMMIT;


-- -----------------------------------------------------
-- Data for table `kotarskip`.`towar`
-- -----------------------------------------------------
START TRANSACTION;
USE `kotarskip`;
INSERT INTO `kotarskip`.`towar` (`id_towar`, `nazwa`, `rodzaj`, `cena`, `kategoria_id_kategorii`) VALUES (1, 'Cort Action Bass PJ OPB', 'instrument', 629.00, 2);
INSERT INTO `kotarskip`.`towar` (`id_towar`, `nazwa`, `rodzaj`, `cena`, `kategoria_id_kategorii`) VALUES (2, 'Schecter Demon 6 CRB', 'instrument', 1999.00, 1);
INSERT INTO `kotarskip`.`towar` (`id_towar`, `nazwa`, `rodzaj`, `cena`, `kategoria_id_kategorii`) VALUES (3, 'Blackstar HT Club 40 MKII', 'nagłośnienie', 2999.00, 5);
INSERT INTO `kotarskip`.`towar` (`id_towar`, `nazwa`, `rodzaj`, `cena`, `kategoria_id_kategorii`) VALUES (4, 'Ibanez AW54 OPN', 'instrument', 832.00, 3);
INSERT INTO `kotarskip`.`towar` (`id_towar`, `nazwa`, `rodzaj`, `cena`, `kategoria_id_kategorii`) VALUES (5, 'Daddario EPN110 10-45', 'akcesorium', 32.99, 6);
INSERT INTO `kotarskip`.`towar` (`id_towar`, `nazwa`, `rodzaj`, `cena`, `kategoria_id_kategorii`) VALUES (6, 'Gibson Les Paul Studio TB', 'instrument', 4200.00, 1);
INSERT INTO `kotarskip`.`towar` (`id_towar`, `nazwa`, `rodzaj`, `cena`, `kategoria_id_kategorii`) VALUES (7, 'Boss CH1', 'akcesorium', 364.00, 7);
INSERT INTO `kotarskip`.`towar` (`id_towar`, `nazwa`, `rodzaj`, `cena`, `kategoria_id_kategorii`) VALUES (8, 'Korg PA 1000', 'instrument', 6299.00, 4);
INSERT INTO `kotarskip`.`towar` (`id_towar`, `nazwa`, `rodzaj`, `cena`, `kategoria_id_kategorii`) VALUES (9, 'Boss Katana 100 MKII', 'nagłośnienie', 1499.99, 5);
INSERT INTO `kotarskip`.`towar` (`id_towar`, `nazwa`, `rodzaj`, `cena`, `kategoria_id_kategorii`) VALUES (10, 'Casio CT-S100', 'instrument', 499.00, 4);
INSERT INTO `kotarskip`.`towar` (`id_towar`, `nazwa`, `rodzaj`, `cena`, `kategoria_id_kategorii`) VALUES (11, 'Ibanez K5 BKF', 'instrument', 4400.00, 2);

COMMIT;


-- -----------------------------------------------------
-- Data for table `kotarskip`.`zamowienie`
-- -----------------------------------------------------
START TRANSACTION;
USE `kotarskip`;
INSERT INTO `kotarskip`.`zamowienie` (`id_zamowienia`, `data_zamowienia`, `metoda_platnosci`, `czy_oplacone`, `klient_id_klienta`) VALUES (1, '2020-07-04', 'gotowka', 0, 1);
INSERT INTO `kotarskip`.`zamowienie` (`id_zamowienia`, `data_zamowienia`, `metoda_platnosci`, `czy_oplacone`, `klient_id_klienta`) VALUES (2, '2020-03-22', 'gotowka', 1, 2);
INSERT INTO `kotarskip`.`zamowienie` (`id_zamowienia`, `data_zamowienia`, `metoda_platnosci`, `czy_oplacone`, `klient_id_klienta`) VALUES (3, '2020-12-21', 'karta', 1, 3);
INSERT INTO `kotarskip`.`zamowienie` (`id_zamowienia`, `data_zamowienia`, `metoda_platnosci`, `czy_oplacone`, `klient_id_klienta`) VALUES (4, '2020-05-05', 'gotowka', 0, 4);
INSERT INTO `kotarskip`.`zamowienie` (`id_zamowienia`, `data_zamowienia`, `metoda_platnosci`, `czy_oplacone`, `klient_id_klienta`) VALUES (5, '2019-01-01', 'karta', 1, 5);
INSERT INTO `kotarskip`.`zamowienie` (`id_zamowienia`, `data_zamowienia`, `metoda_platnosci`, `czy_oplacone`, `klient_id_klienta`) VALUES (6, '2019-04-08', 'karta', 1, 6);
INSERT INTO `kotarskip`.`zamowienie` (`id_zamowienia`, `data_zamowienia`, `metoda_platnosci`, `czy_oplacone`, `klient_id_klienta`) VALUES (7, '2019-03-05', 'gotowka', 1, 7);
INSERT INTO `kotarskip`.`zamowienie` (`id_zamowienia`, `data_zamowienia`, `metoda_platnosci`, `czy_oplacone`, `klient_id_klienta`) VALUES (8, '2020-10-10', 'gotowka', 0, 8);
INSERT INTO `kotarskip`.`zamowienie` (`id_zamowienia`, `data_zamowienia`, `metoda_platnosci`, `czy_oplacone`, `klient_id_klienta`) VALUES (9, '2018-11-11', 'gotowka', 1, 9);
INSERT INTO `kotarskip`.`zamowienie` (`id_zamowienia`, `data_zamowienia`, `metoda_platnosci`, `czy_oplacone`, `klient_id_klienta`) VALUES (10, '2018-05-06', 'karta', 1, 10);
INSERT INTO `kotarskip`.`zamowienie` (`id_zamowienia`, `data_zamowienia`, `metoda_platnosci`, `czy_oplacone`, `klient_id_klienta`) VALUES (11, '2018-07-21', 'gotowka', 1, 11);
INSERT INTO `kotarskip`.`zamowienie` (`id_zamowienia`, `data_zamowienia`, `metoda_platnosci`, `czy_oplacone`, `klient_id_klienta`) VALUES (DEFAULT, NULL, NULL, , DEFAULT);

COMMIT;


-- -----------------------------------------------------
-- Data for table `kotarskip`.`zamowienie_has_towar`
-- -----------------------------------------------------
START TRANSACTION;
USE `kotarskip`;
INSERT INTO `kotarskip`.`zamowienie_has_towar` (`zamowienie_id_zamowienia`, `zamowienie_klient_id_klienta`, `towar_id_towar`, `towar_kategoria_id_kategorii`) VALUES (1, 1, 1, 2);
INSERT INTO `kotarskip`.`zamowienie_has_towar` (`zamowienie_id_zamowienia`, `zamowienie_klient_id_klienta`, `towar_id_towar`, `towar_kategoria_id_kategorii`) VALUES (2, 2, 2, 1);
INSERT INTO `kotarskip`.`zamowienie_has_towar` (`zamowienie_id_zamowienia`, `zamowienie_klient_id_klienta`, `towar_id_towar`, `towar_kategoria_id_kategorii`) VALUES (3, 3, 3, 5);
INSERT INTO `kotarskip`.`zamowienie_has_towar` (`zamowienie_id_zamowienia`, `zamowienie_klient_id_klienta`, `towar_id_towar`, `towar_kategoria_id_kategorii`) VALUES (4, 4, 4, 3);
INSERT INTO `kotarskip`.`zamowienie_has_towar` (`zamowienie_id_zamowienia`, `zamowienie_klient_id_klienta`, `towar_id_towar`, `towar_kategoria_id_kategorii`) VALUES (5, 5, 5, 6);
INSERT INTO `kotarskip`.`zamowienie_has_towar` (`zamowienie_id_zamowienia`, `zamowienie_klient_id_klienta`, `towar_id_towar`, `towar_kategoria_id_kategorii`) VALUES (6, 6, 6, 1);
INSERT INTO `kotarskip`.`zamowienie_has_towar` (`zamowienie_id_zamowienia`, `zamowienie_klient_id_klienta`, `towar_id_towar`, `towar_kategoria_id_kategorii`) VALUES (7, 7, 7, 7);
INSERT INTO `kotarskip`.`zamowienie_has_towar` (`zamowienie_id_zamowienia`, `zamowienie_klient_id_klienta`, `towar_id_towar`, `towar_kategoria_id_kategorii`) VALUES (8, 8, 8, 4);
INSERT INTO `kotarskip`.`zamowienie_has_towar` (`zamowienie_id_zamowienia`, `zamowienie_klient_id_klienta`, `towar_id_towar`, `towar_kategoria_id_kategorii`) VALUES (9, 9, 9, 5);
INSERT INTO `kotarskip`.`zamowienie_has_towar` (`zamowienie_id_zamowienia`, `zamowienie_klient_id_klienta`, `towar_id_towar`, `towar_kategoria_id_kategorii`) VALUES (10, 10, 10, 4);
INSERT INTO `kotarskip`.`zamowienie_has_towar` (`zamowienie_id_zamowienia`, `zamowienie_klient_id_klienta`, `towar_id_towar`, `towar_kategoria_id_kategorii`) VALUES (11, 11, 11, 2);

COMMIT;

